tel:844-967-5247	components/Nav.tsx:89
/	components/Nav.tsx:102
mailto:Josh@sprayfoaminsurance.com	components/Nav.tsx:120
tel:844-967-5247	components/Nav.tsx:127
/quote/	components/Nav.tsx:134
https://www.facebook.com/sprayfoaminsurance	components/Nav.tsx:144
https://twitter.com/sprayfoamins	components/Nav.tsx:153
https://www.instagram.com/sprayfoaminsurance	components/Nav.tsx:162
/quote/	components/Nav.tsx:196
tel:844-967-5247	components/Nav.tsx:256
/quote/	components/Nav.tsx:263
/sign-in/	components/Nav.tsx:270
tel:844-967-5247	components/VegasQuoteForm.tsx:173
mailto:josh@sprayfoaminsurance.com	components/VegasQuoteForm.tsx:174
tel:844-967-5247	components/QuotePageForm.tsx:364
mailto:josh@sprayfoaminsurance.com	components/QuotePageForm.tsx:365
tel:8449675247	components/Footer.tsx:56
mailto:Josh@sprayfoaminsurance.com	components/Footer.tsx:62
/quote	components/CTABar.tsx:23
tel:8449675247	components/CTABar.tsx:29
/quote/	components/WhyChooseUs.tsx:156
tel:844-967-5247	components/RigQuoteForm.tsx:176
mailto:josh@sprayfoaminsurance.com	components/RigQuoteForm.tsx:177
tel:844-967-5247	components/QuoteFormSection.tsx:339
mailto:josh@sprayfoaminsurance.com	components/QuoteFormSection.tsx:340
tel:844-967-5247	components/ContactForm.tsx:146
mailto:josh@sprayfoaminsurance.com	components/ContactForm.tsx:147
/quote/	components/SameDayCOI.tsx:61
/quote/	components/CoverageMap.tsx:123
/quote/	components/HowItWorks.tsx:110
/blog/	app/2023/09/24/what-are-the-insurance-requirements-for-large-commercial-projects/page.tsx:45
/blog/	app/2023/09/24/what-are-the-insurance-requirements-for-large-commercial-projects/page.tsx:93
/quote/	app/page.tsx:66
tel:844-967-5247	app/page.tsx:73
/quote/	app/page.tsx:252
/services/	app/page.tsx:422
/blog/	app/2023/09/24/do-i-need-special-coverage-for-roofing-projects/page.tsx:45
/blog/	app/2023/09/24/do-i-need-special-coverage-for-roofing-projects/page.tsx:90
/blog/	app/2023/09/24/is-my-equipment-covered/page.tsx:45
/blog/	app/2023/09/24/is-my-equipment-covered/page.tsx:96
/services/general-liability-insurance	app/services/commercial-auto/page.tsx:53
/services/workers-compensation-insurance-for-spray-foam-contractors	app/services/commercial-auto/page.tsx:59
/services/commercial-auto	app/services/commercial-auto/page.tsx:65
/services/general-liability-insurance	app/services/general-liability-insurance/page.tsx:54
/services/workers-compensation-insurance-for-spray-foam-contractors	app/services/general-liability-insurance/page.tsx:60
/services/commercial-auto	app/services/general-liability-insurance/page.tsx:66
/services/general-liability-insurance	app/safety-and-compliance-support/page.tsx:40
/services/workers-compensation-insurance-for-spray-foam-contractors	app/safety-and-compliance-support/page.tsx:46
/services/commercial-auto	app/safety-and-compliance-support/page.tsx:52
/blog/	app/2023/09/24/how-does-insurance-protect-my-clients/page.tsx:45
/blog/	app/2023/09/24/how-does-insurance-protect-my-clients/page.tsx:85
tel:8449675247	app/attic-insulation-certificate/page.tsx:289
#request	app/attic-insulation-certificate/page.tsx:463
/services/general-liability-insurance	app/services/environmental-liability/page.tsx:52
/services/workers-compensation-insurance-for-spray-foam-contractors	app/services/environmental-liability/page.tsx:58
/services/commercial-auto	app/services/environmental-liability/page.tsx:64
tel:8449675247	app/contact-us/page.tsx:86
mailto:Josh@sprayfoaminsurance.com	app/contact-us/page.tsx:96
mailto:info@sprayfoaminsurance.com	app/contact-us/page.tsx:99
tel:844-967-5247	app/spf-resources/work-record-form/page.tsx:765
mailto:josh@sprayfoaminsurance.com	app/spf-resources/work-record-form/page.tsx:766
/quote	app/spf-resources/work-record-form/page.tsx:825
tel:8449675247	app/quote/page.tsx:89
tel:8449675247	app/sign-in/page.tsx:23
tel:8449675247	app/sign-in/page.tsx:30
/	app/sign-in/page.tsx:37
/blog/	app/2023/09/24/does-insurance-cover-overspray-damage/page.tsx:45
/blog/	app/2023/09/24/does-insurance-cover-overspray-damage/page.tsx:87
/blog/	app/2023/09/24/what-factors-affect-insurance-premiums/page.tsx:45
/blog/	app/2023/09/24/what-factors-affect-insurance-premiums/page.tsx:98
/blog/	app/2023/09/24/is-retrofitting-insurance-available-for-spray-foam-contractors/page.tsx:45
/blog/	app/2023/09/24/is-retrofitting-insurance-available-for-spray-foam-contractors/page.tsx:90
/blog/	app/2023/09/24/can-i-get-coverage-for-mold-and-mildew-claims/page.tsx:45
/blog/	app/2023/09/24/can-i-get-coverage-for-mold-and-mildew-claims/page.tsx:89
/services/general-liability-insurance	app/services/surety-bonds/page.tsx:52
/services/workers-compensation-insurance-for-spray-foam-contractors	app/services/surety-bonds/page.tsx:58
/services/commercial-auto	app/services/surety-bonds/page.tsx:64
/services/general-liability-insurance	app/services/workers-compensation-insurance-for-spray-foam-contractors/page.tsx:51
/services/workers-compensation-insurance-for-spray-foam-contractors	app/services/workers-compensation-insurance-for-spray-foam-contractors/page.tsx:57
/services/commercial-auto	app/services/workers-compensation-insurance-for-spray-foam-contractors/page.tsx:63
tel:8449675247	app/sign-up/page.tsx:23
/quote	app/sign-up/page.tsx:31
tel:8449675247	app/sign-up/page.tsx:37
/	app/sign-up/page.tsx:44
/inland-marine/spray_foam_rig_insurance	app/inland-marine/page.tsx:199
/blog/	app/2023/09/24/do-i-need-insurance-if-i-subcontract-work/page.tsx:45
/blog/	app/2023/09/24/do-i-need-insurance-if-i-subcontract-work/page.tsx:88
/blog	app/category/insurance-insights/page.tsx:58
/blog/	app/2025/07/04/spray-foam-equipment-financing-building-strong-banking-relationships/page.tsx:45
#introduction	app/2025/07/04/spray-foam-equipment-financing-building-strong-banking-relationships/page.tsx:69
#understanding-equipment-costs	app/2025/07/04/spray-foam-equipment-financing-building-strong-banking-relationships/page.tsx:70
#why-banking-relationships-matter	app/2025/07/04/spray-foam-equipment-financing-building-strong-banking-relationships/page.tsx:71
#professional-banking-approach	app/2025/07/04/spray-foam-equipment-financing-building-strong-banking-relationships/page.tsx:72
#business-banking-accounts	app/2025/07/04/spray-foam-equipment-financing-building-strong-banking-relationships/page.tsx:73
#types-of-financing	app/2025/07/04/spray-foam-equipment-financing-building-strong-banking-relationships/page.tsx:74
#building-your-banking-profile	app/2025/07/04/spray-foam-equipment-financing-building-strong-banking-relationships/page.tsx:75
#equipment-financing-strategies	app/2025/07/04/spray-foam-equipment-financing-building-strong-banking-relationships/page.tsx:76
#long-term-financial-planning	app/2025/07/04/spray-foam-equipment-financing-building-strong-banking-relationships/page.tsx:77
#common-mistakes-to-avoid	app/2025/07/04/spray-foam-equipment-financing-building-strong-banking-relationships/page.tsx:78
#leveraging-technology	app/2025/07/04/spray-foam-equipment-financing-building-strong-banking-relationships/page.tsx:79
#your-next-steps	app/2025/07/04/spray-foam-equipment-financing-building-strong-banking-relationships/page.tsx:80
/blog/	app/2025/07/04/spray-foam-equipment-financing-building-strong-banking-relationships/page.tsx:182
/services/general-liability-insurance/	components/Nav.tsx:9
/inland-marine/spray_foam_rig_insurance/	components/Nav.tsx:10
/services/commercial-auto/	components/Nav.tsx:11
/services/surety-bonds/	components/Nav.tsx:12
/services/environmental-liability/	components/Nav.tsx:13
/safety-and-compliance-support/	components/Nav.tsx:14
/services/workers-compensation-insurance-for-spray-foam-contractors/	components/Nav.tsx:15
/attic-insulation-certificate/	components/Nav.tsx:19
/spf-resources/work-record-form/	components/Nav.tsx:20
/	components/Nav.tsx:24
/services/	components/Nav.tsx:25
/spf-resources/	components/Nav.tsx:26
/blog/	components/Nav.tsx:27
/about-us/	components/Nav.tsx:28
/contact-us/	components/Nav.tsx:29
/quote/	components/Nav.tsx:30
/	components/Footer.tsx:6
/services	components/Footer.tsx:7
/services/general-liability-insurance	components/Footer.tsx:8
/inland-marine/spray_foam_rig_insurance	components/Footer.tsx:9
/services/commercial-auto	components/Footer.tsx:10
/services/surety-bonds	components/Footer.tsx:11
/services/environmental-liability	components/Footer.tsx:12
/safety-and-compliance-support	components/Footer.tsx:13
/services/workers-compensation-insurance-for-spray-foam-contractors	components/Footer.tsx:14
/spf-resources	components/Footer.tsx:15
/attic-insulation-certificate	components/Footer.tsx:16
/spf-resources/work-record-form	components/Footer.tsx:17
/blog	components/Footer.tsx:18
/about-us	components/Footer.tsx:19
/contact-us	components/Footer.tsx:20
/quote	components/Footer.tsx:21
/services/general-liability-insurance	components/Footer.tsx:27
/services/commercial-auto	components/Footer.tsx:28
/services/surety-bonds	components/Footer.tsx:29
/services/environmental-liability	components/Footer.tsx:30
/safety-and-compliance-support	components/Footer.tsx:31
/services/workers-compensation-insurance-for-spray-foam-contractors	components/Footer.tsx:32
/privacy-policy	components/Footer.tsx:38
/terms	components/Footer.tsx:39
/2023/09/24/do-i-need-insurance-if-i-subcontract-work	app/2023/09/24/what-are-the-insurance-requirements-for-large-commercial-projects/page.tsx:31
/2023/09/24/what-factors-affect-insurance-premiums	app/2023/09/24/what-are-the-insurance-requirements-for-large-commercial-projects/page.tsx:32
/2025/07/04/spray-foam-equipment-financing-building-strong-banking-relationships	app/2023/09/24/what-are-the-insurance-requirements-for-large-commercial-projects/page.tsx:33
/2023/09/24/what-factors-affect-insurance-premiums	app/2023/09/24/is-my-equipment-covered/page.tsx:31
/2023/09/24/is-retrofitting-insurance-available-for-spray-foam-contractors	app/2023/09/24/is-my-equipment-covered/page.tsx:32
/2025/07/04/spray-foam-equipment-financing-building-strong-banking-relationships	app/2023/09/24/is-my-equipment-covered/page.tsx:33
/2023/09/24/can-i-get-coverage-for-mold-and-mildew-claims	app/2023/09/24/does-insurance-cover-overspray-damage/page.tsx:31
/2023/09/24/do-i-need-special-coverage-for-roofing-projects	app/2023/09/24/does-insurance-cover-overspray-damage/page.tsx:32
/2025/07/04/spray-foam-equipment-financing-building-strong-banking-relationships	app/2023/09/24/does-insurance-cover-overspray-damage/page.tsx:33
/2023/09/24/what-are-the-insurance-requirements-for-large-commercial-projects	app/2023/09/24/is-retrofitting-insurance-available-for-spray-foam-contractors/page.tsx:31
/2023/09/24/is-my-equipment-covered	app/2023/09/24/is-retrofitting-insurance-available-for-spray-foam-contractors/page.tsx:32
/2025/07/04/spray-foam-equipment-financing-building-strong-banking-relationships	app/2023/09/24/is-retrofitting-insurance-available-for-spray-foam-contractors/page.tsx:33
/	app/not-found.tsx:6
/quote	app/not-found.tsx:7
/blog	app/not-found.tsx:8
/contact-us	app/not-found.tsx:9
/	app/contact-us/page.tsx:37
/services/general-liability-insurance	app/services/page.tsx:19
/services/workers-compensation-insurance-for-spray-foam-contractors	app/services/page.tsx:25
/services/commercial-auto	app/services/page.tsx:31
/2023/09/24/does-insurance-cover-overspray-damage	app/2023/09/24/do-i-need-special-coverage-for-roofing-projects/page.tsx:31
/2023/09/24/what-are-the-insurance-requirements-for-large-commercial-projects	app/2023/09/24/do-i-need-special-coverage-for-roofing-projects/page.tsx:32
/2025/07/04/spray-foam-equipment-financing-building-strong-banking-relationships	app/2023/09/24/do-i-need-special-coverage-for-roofing-projects/page.tsx:33
/	app/inland-marine/spray_foam_rig_insurance/page.tsx:81
/inland-marine	app/inland-marine/spray_foam_rig_insurance/page.tsx:82
/services/general-liability-insurance	app/page.tsx:115
/services/environmental-liability	app/page.tsx:124
/services/commercial-auto	app/page.tsx:133
/safety-and-compliance-support	app/page.tsx:142
/services/surety-bonds	app/page.tsx:151
/services/workers-compensation-insurance-for-spray-foam-contractors	app/page.tsx:160
/spf-resources/work-record-form	app/spf-resources/page.tsx:35
/attic-insulation-certificate	app/spf-resources/page.tsx:43
/safety-and-compliance-support	app/spf-resources/page.tsx:51
/quote	app/spf-resources/page.tsx:59
/2023/09/24/what-are-the-insurance-requirements-for-large-commercial-projects	app/2023/09/24/do-i-need-insurance-if-i-subcontract-work/page.tsx:31
/2023/09/24/how-does-insurance-protect-my-clients	app/2023/09/24/do-i-need-insurance-if-i-subcontract-work/page.tsx:32
/2025/07/04/spray-foam-equipment-financing-building-strong-banking-relationships	app/2023/09/24/do-i-need-insurance-if-i-subcontract-work/page.tsx:33
/2023/09/24/is-my-equipment-covered	app/2025/07/04/spray-foam-equipment-financing-building-strong-banking-relationships/page.tsx:31
/2023/09/24/what-factors-affect-insurance-premiums	app/2025/07/04/spray-foam-equipment-financing-building-strong-banking-relationships/page.tsx:32
/2023/09/24/what-are-the-insurance-requirements-for-large-commercial-projects	app/2025/07/04/spray-foam-equipment-financing-building-strong-banking-relationships/page.tsx:33
/2023/09/24/what-are-the-insurance-requirements-for-large-commercial-projects	app/2023/09/24/what-factors-affect-insurance-premiums/page.tsx:31
/2023/09/24/is-my-equipment-covered	app/2023/09/24/what-factors-affect-insurance-premiums/page.tsx:32
/2025/07/04/spray-foam-equipment-financing-building-strong-banking-relationships	app/2023/09/24/what-factors-affect-insurance-premiums/page.tsx:33
/2023/09/24/do-i-need-insurance-if-i-subcontract-work	app/2023/09/24/how-does-insurance-protect-my-clients/page.tsx:31
/2023/09/24/what-are-the-insurance-requirements-for-large-commercial-projects	app/2023/09/24/how-does-insurance-protect-my-clients/page.tsx:32
/2025/07/04/spray-foam-equipment-financing-building-strong-banking-relationships	app/2023/09/24/how-does-insurance-protect-my-clients/page.tsx:33
/2023/09/24/does-insurance-cover-overspray-damage	app/2023/09/24/can-i-get-coverage-for-mold-and-mildew-claims/page.tsx:31
/2023/09/24/is-retrofitting-insurance-available-for-spray-foam-contractors	app/2023/09/24/can-i-get-coverage-for-mold-and-mildew-claims/page.tsx:32
/2025/07/04/spray-foam-equipment-financing-building-strong-banking-relationships	app/2023/09/24/can-i-get-coverage-for-mold-and-mildew-claims/page.tsx:33
/services/general-liability-insurance	app/inland-marine/page.tsx:31
/services/workers-compensation-insurance-for-spray-foam-contractors	app/inland-marine/page.tsx:36
/services/commercial-auto	app/inland-marine/page.tsx:41
/	app/about-us/page.tsx:53
