components/Nav.tsx:9	/services/general-liability-insurance/
components/Nav.tsx:10	/inland-marine/spray_foam_rig_insurance/
components/Nav.tsx:11	/services/commercial-auto/
components/Nav.tsx:12	/services/surety-bonds/
components/Nav.tsx:13	/services/environmental-liability/
components/Nav.tsx:14	/safety-and-compliance-support/
components/Nav.tsx:15	/services/workers-compensation-insurance-for-spray-foam-contractors/
components/Nav.tsx:19	/attic-insulation-certificate/
components/Nav.tsx:20	/spf-resources/work-record-form/
components/Nav.tsx:24	/
components/Nav.tsx:25	/services/
components/Nav.tsx:26	/spf-resources/
components/Nav.tsx:27	/blog/
components/Nav.tsx:28	/about-us/
components/Nav.tsx:29	/contact-us/
components/Nav.tsx:30	/quote/
components/Footer.tsx:6	/
components/Footer.tsx:7	/services
components/Footer.tsx:8	/services/general-liability-insurance
components/Footer.tsx:9	/inland-marine/spray_foam_rig_insurance
components/Footer.tsx:10	/services/commercial-auto
components/Footer.tsx:11	/services/surety-bonds
components/Footer.tsx:12	/services/environmental-liability
components/Footer.tsx:13	/safety-and-compliance-support
components/Footer.tsx:14	/services/workers-compensation-insurance-for-spray-foam-contractors
components/Footer.tsx:15	/spf-resources
components/Footer.tsx:16	/attic-insulation-certificate
components/Footer.tsx:17	/spf-resources/work-record-form
components/Footer.tsx:18	/blog
components/Footer.tsx:19	/about-us
components/Footer.tsx:20	/contact-us
components/Footer.tsx:21	/quote
components/Footer.tsx:27	/services/general-liability-insurance
components/Footer.tsx:28	/services/commercial-auto
components/Footer.tsx:29	/services/surety-bonds
components/Footer.tsx:30	/services/environmental-liability
components/Footer.tsx:31	/safety-and-compliance-support
components/Footer.tsx:32	/services/workers-compensation-insurance-for-spray-foam-contractors
components/Footer.tsx:38	/privacy-policy
components/Footer.tsx:39	/terms
app/2023/09/24/what-are-the-insurance-requirements-for-large-commercial-projects/page.tsx:31	/2023/09/24/do-i-need-insurance-if-i-subcontract-work
app/2023/09/24/what-are-the-insurance-requirements-for-large-commercial-projects/page.tsx:32	/2023/09/24/what-factors-affect-insurance-premiums
app/2023/09/24/what-are-the-insurance-requirements-for-large-commercial-projects/page.tsx:33	/2025/07/04/spray-foam-equipment-financing-building-strong-banking-relationships
app/2023/09/24/is-my-equipment-covered/page.tsx:31	/2023/09/24/what-factors-affect-insurance-premiums
app/2023/09/24/is-my-equipment-covered/page.tsx:32	/2023/09/24/is-retrofitting-insurance-available-for-spray-foam-contractors
app/2023/09/24/is-my-equipment-covered/page.tsx:33	/2025/07/04/spray-foam-equipment-financing-building-strong-banking-relationships
app/2023/09/24/does-insurance-cover-overspray-damage/page.tsx:31	/2023/09/24/can-i-get-coverage-for-mold-and-mildew-claims
app/2023/09/24/does-insurance-cover-overspray-damage/page.tsx:32	/2023/09/24/do-i-need-special-coverage-for-roofing-projects
app/2023/09/24/does-insurance-cover-overspray-damage/page.tsx:33	/2025/07/04/spray-foam-equipment-financing-building-strong-banking-relationships
app/2023/09/24/is-retrofitting-insurance-available-for-spray-foam-contractors/page.tsx:31	/2023/09/24/what-are-the-insurance-requirements-for-large-commercial-projects
app/2023/09/24/is-retrofitting-insurance-available-for-spray-foam-contractors/page.tsx:32	/2023/09/24/is-my-equipment-covered
app/2023/09/24/is-retrofitting-insurance-available-for-spray-foam-contractors/page.tsx:33	/2025/07/04/spray-foam-equipment-financing-building-strong-banking-relationships
app/not-found.tsx:6	/
app/not-found.tsx:7	/quote
app/not-found.tsx:8	/blog
app/not-found.tsx:9	/contact-us
app/contact-us/page.tsx:37	/
app/services/page.tsx:19	/services/general-liability-insurance
app/services/page.tsx:25	/services/workers-compensation-insurance-for-spray-foam-contractors
app/services/page.tsx:31	/services/commercial-auto
app/2023/09/24/do-i-need-special-coverage-for-roofing-projects/page.tsx:31	/2023/09/24/does-insurance-cover-overspray-damage
app/2023/09/24/do-i-need-special-coverage-for-roofing-projects/page.tsx:32	/2023/09/24/what-are-the-insurance-requirements-for-large-commercial-projects
app/2023/09/24/do-i-need-special-coverage-for-roofing-projects/page.tsx:33	/2025/07/04/spray-foam-equipment-financing-building-strong-banking-relationships
app/inland-marine/spray_foam_rig_insurance/page.tsx:81	/
app/inland-marine/spray_foam_rig_insurance/page.tsx:82	/inland-marine
app/page.tsx:115	/services/general-liability-insurance
app/page.tsx:124	/services/environmental-liability
app/page.tsx:133	/services/commercial-auto
app/page.tsx:142	/safety-and-compliance-support
app/page.tsx:151	/services/surety-bonds
app/page.tsx:160	/services/workers-compensation-insurance-for-spray-foam-contractors
app/spf-resources/page.tsx:35	/spf-resources/work-record-form
app/spf-resources/page.tsx:43	/attic-insulation-certificate
app/spf-resources/page.tsx:51	/safety-and-compliance-support
app/spf-resources/page.tsx:59	/quote
app/2023/09/24/do-i-need-insurance-if-i-subcontract-work/page.tsx:31	/2023/09/24/what-are-the-insurance-requirements-for-large-commercial-projects
app/2023/09/24/do-i-need-insurance-if-i-subcontract-work/page.tsx:32	/2023/09/24/how-does-insurance-protect-my-clients
app/2023/09/24/do-i-need-insurance-if-i-subcontract-work/page.tsx:33	/2025/07/04/spray-foam-equipment-financing-building-strong-banking-relationships
app/2025/07/04/spray-foam-equipment-financing-building-strong-banking-relationships/page.tsx:31	/2023/09/24/is-my-equipment-covered
app/2025/07/04/spray-foam-equipment-financing-building-strong-banking-relationships/page.tsx:32	/2023/09/24/what-factors-affect-insurance-premiums
app/2025/07/04/spray-foam-equipment-financing-building-strong-banking-relationships/page.tsx:33	/2023/09/24/what-are-the-insurance-requirements-for-large-commercial-projects
app/2023/09/24/what-factors-affect-insurance-premiums/page.tsx:31	/2023/09/24/what-are-the-insurance-requirements-for-large-commercial-projects
app/2023/09/24/what-factors-affect-insurance-premiums/page.tsx:32	/2023/09/24/is-my-equipment-covered
app/2023/09/24/what-factors-affect-insurance-premiums/page.tsx:33	/2025/07/04/spray-foam-equipment-financing-building-strong-banking-relationships
app/2023/09/24/how-does-insurance-protect-my-clients/page.tsx:31	/2023/09/24/do-i-need-insurance-if-i-subcontract-work
app/2023/09/24/how-does-insurance-protect-my-clients/page.tsx:32	/2023/09/24/what-are-the-insurance-requirements-for-large-commercial-projects
app/2023/09/24/how-does-insurance-protect-my-clients/page.tsx:33	/2025/07/04/spray-foam-equipment-financing-building-strong-banking-relationships
app/2023/09/24/can-i-get-coverage-for-mold-and-mildew-claims/page.tsx:31	/2023/09/24/does-insurance-cover-overspray-damage
app/2023/09/24/can-i-get-coverage-for-mold-and-mildew-claims/page.tsx:32	/2023/09/24/is-retrofitting-insurance-available-for-spray-foam-contractors
app/2023/09/24/can-i-get-coverage-for-mold-and-mildew-claims/page.tsx:33	/2025/07/04/spray-foam-equipment-financing-building-strong-banking-relationships
app/inland-marine/page.tsx:31	/services/general-liability-insurance
app/inland-marine/page.tsx:36	/services/workers-compensation-insurance-for-spray-foam-contractors
app/inland-marine/page.tsx:41	/services/commercial-auto
app/about-us/page.tsx:53	/
