components/Nav.tsx:89	tel:844-967-5247
components/Nav.tsx:102	/
components/Nav.tsx:120	mailto:Josh@sprayfoaminsurance.com
components/Nav.tsx:127	tel:844-967-5247
components/Nav.tsx:134	/quote/
components/Nav.tsx:144	https://www.facebook.com/sprayfoaminsurance
components/Nav.tsx:153	https://twitter.com/sprayfoamins
components/Nav.tsx:162	https://www.instagram.com/sprayfoaminsurance
components/Nav.tsx:196	/quote/
components/Nav.tsx:256	tel:844-967-5247
components/Nav.tsx:263	/quote/
components/Nav.tsx:270	/sign-in/
components/VegasQuoteForm.tsx:173	tel:844-967-5247
components/VegasQuoteForm.tsx:174	mailto:josh@sprayfoaminsurance.com
components/QuotePageForm.tsx:364	tel:844-967-5247
components/QuotePageForm.tsx:365	mailto:josh@sprayfoaminsurance.com
components/Footer.tsx:56	tel:8449675247
components/Footer.tsx:62	mailto:Josh@sprayfoaminsurance.com
components/CTABar.tsx:23	/quote
components/CTABar.tsx:29	tel:8449675247
components/WhyChooseUs.tsx:156	/quote/
components/RigQuoteForm.tsx:176	tel:844-967-5247
components/RigQuoteForm.tsx:177	mailto:josh@sprayfoaminsurance.com
components/QuoteFormSection.tsx:339	tel:844-967-5247
components/QuoteFormSection.tsx:340	mailto:josh@sprayfoaminsurance.com
components/ContactForm.tsx:146	tel:844-967-5247
components/ContactForm.tsx:147	mailto:josh@sprayfoaminsurance.com
components/SameDayCOI.tsx:61	/quote/
components/CoverageMap.tsx:123	/quote/
components/HowItWorks.tsx:110	/quote/
