app/2023/09/24/what-are-the-insurance-requirements-for-large-commercial-projects/page.tsx:45	/blog/
app/2023/09/24/what-are-the-insurance-requirements-for-large-commercial-projects/page.tsx:93	/blog/
app/page.tsx:66	/quote/
app/page.tsx:73	tel:844-967-5247
app/page.tsx:252	/quote/
app/page.tsx:422	/services/
app/2023/09/24/do-i-need-special-coverage-for-roofing-projects/page.tsx:45	/blog/
app/2023/09/24/do-i-need-special-coverage-for-roofing-projects/page.tsx:90	/blog/
app/2023/09/24/is-my-equipment-covered/page.tsx:45	/blog/
app/2023/09/24/is-my-equipment-covered/page.tsx:96	/blog/
app/services/commercial-auto/page.tsx:53	/services/general-liability-insurance
app/services/commercial-auto/page.tsx:59	/services/workers-compensation-insurance-for-spray-foam-contractors
app/services/commercial-auto/page.tsx:65	/services/commercial-auto
app/services/general-liability-insurance/page.tsx:54	/services/general-liability-insurance
app/services/general-liability-insurance/page.tsx:60	/services/workers-compensation-insurance-for-spray-foam-contractors
app/services/general-liability-insurance/page.tsx:66	/services/commercial-auto
app/safety-and-compliance-support/page.tsx:40	/services/general-liability-insurance
app/safety-and-compliance-support/page.tsx:46	/services/workers-compensation-insurance-for-spray-foam-contractors
app/safety-and-compliance-support/page.tsx:52	/services/commercial-auto
app/2023/09/24/how-does-insurance-protect-my-clients/page.tsx:45	/blog/
app/2023/09/24/how-does-insurance-protect-my-clients/page.tsx:85	/blog/
app/attic-insulation-certificate/page.tsx:289	tel:8449675247
app/attic-insulation-certificate/page.tsx:463	#request
app/services/environmental-liability/page.tsx:52	/services/general-liability-insurance
app/services/environmental-liability/page.tsx:58	/services/workers-compensation-insurance-for-spray-foam-contractors
app/services/environmental-liability/page.tsx:64	/services/commercial-auto
app/contact-us/page.tsx:86	tel:8449675247
app/contact-us/page.tsx:96	mailto:Josh@sprayfoaminsurance.com
app/contact-us/page.tsx:99	mailto:info@sprayfoaminsurance.com
app/spf-resources/work-record-form/page.tsx:765	tel:844-967-5247
app/spf-resources/work-record-form/page.tsx:766	mailto:josh@sprayfoaminsurance.com
app/spf-resources/work-record-form/page.tsx:825	/quote
app/quote/page.tsx:89	tel:8449675247
app/sign-in/page.tsx:23	tel:8449675247
app/sign-in/page.tsx:30	tel:8449675247
app/sign-in/page.tsx:37	/
app/2023/09/24/does-insurance-cover-overspray-damage/page.tsx:45	/blog/
app/2023/09/24/does-insurance-cover-overspray-damage/page.tsx:87	/blog/
app/2023/09/24/what-factors-affect-insurance-premiums/page.tsx:45	/blog/
app/2023/09/24/what-factors-affect-insurance-premiums/page.tsx:98	/blog/
app/2023/09/24/is-retrofitting-insurance-available-for-spray-foam-contractors/page.tsx:45	/blog/
app/2023/09/24/is-retrofitting-insurance-available-for-spray-foam-contractors/page.tsx:90	/blog/
app/2023/09/24/can-i-get-coverage-for-mold-and-mildew-claims/page.tsx:45	/blog/
app/2023/09/24/can-i-get-coverage-for-mold-and-mildew-claims/page.tsx:89	/blog/
app/services/surety-bonds/page.tsx:52	/services/general-liability-insurance
app/services/surety-bonds/page.tsx:58	/services/workers-compensation-insurance-for-spray-foam-contractors
app/services/surety-bonds/page.tsx:64	/services/commercial-auto
app/services/workers-compensation-insurance-for-spray-foam-contractors/page.tsx:51	/services/general-liability-insurance
app/services/workers-compensation-insurance-for-spray-foam-contractors/page.tsx:57	/services/workers-compensation-insurance-for-spray-foam-contractors
app/services/workers-compensation-insurance-for-spray-foam-contractors/page.tsx:63	/services/commercial-auto
app/sign-up/page.tsx:23	tel:8449675247
app/sign-up/page.tsx:31	/quote
app/sign-up/page.tsx:37	tel:8449675247
app/sign-up/page.tsx:44	/
app/inland-marine/page.tsx:199	/inland-marine/spray_foam_rig_insurance
app/2023/09/24/do-i-need-insurance-if-i-subcontract-work/page.tsx:45	/blog/
app/2023/09/24/do-i-need-insurance-if-i-subcontract-work/page.tsx:88	/blog/
app/category/insurance-insights/page.tsx:58	/blog
app/2025/07/04/spray-foam-equipment-financing-building-strong-banking-relationships/page.tsx:45	/blog/
app/2025/07/04/spray-foam-equipment-financing-building-strong-banking-relationships/page.tsx:69	#introduction
app/2025/07/04/spray-foam-equipment-financing-building-strong-banking-relationships/page.tsx:70	#understanding-equipment-costs
app/2025/07/04/spray-foam-equipment-financing-building-strong-banking-relationships/page.tsx:71	#why-banking-relationships-matter
app/2025/07/04/spray-foam-equipment-financing-building-strong-banking-relationships/page.tsx:72	#professional-banking-approach
app/2025/07/04/spray-foam-equipment-financing-building-strong-banking-relationships/page.tsx:73	#business-banking-accounts
app/2025/07/04/spray-foam-equipment-financing-building-strong-banking-relationships/page.tsx:74	#types-of-financing
app/2025/07/04/spray-foam-equipment-financing-building-strong-banking-relationships/page.tsx:75	#building-your-banking-profile
app/2025/07/04/spray-foam-equipment-financing-building-strong-banking-relationships/page.tsx:76	#equipment-financing-strategies
app/2025/07/04/spray-foam-equipment-financing-building-strong-banking-relationships/page.tsx:77	#long-term-financial-planning
app/2025/07/04/spray-foam-equipment-financing-building-strong-banking-relationships/page.tsx:78	#common-mistakes-to-avoid
app/2025/07/04/spray-foam-equipment-financing-building-strong-banking-relationships/page.tsx:79	#leveraging-technology
app/2025/07/04/spray-foam-equipment-financing-building-strong-banking-relationships/page.tsx:80	#your-next-steps
app/2025/07/04/spray-foam-equipment-financing-building-strong-banking-relationships/page.tsx:182	/blog/
