app/vegas/page.tsx:19	/assets/images/hero-bg.webp
app/page.tsx:37	/assets/videos/hero.webm
app/page.tsx:38	/assets/videos/hero.mp4
app/page.tsx:274	/assets/images/josh-clean.webp
app/page.tsx:296	/assets/images/wireframe-sprayer.jpg
app/page.tsx:378	/assets/images/integrity-plus.webp
app/page.tsx:406	/assets/images/wireframe-handshake.webp
components/Nav.tsx:104	/assets/icons/logo.webp
app/about-us/page.tsx:81	/assets/images/josh-cotner.webp
app/about-us/page.tsx:121	/assets/images/josh-cotner.webp
