200	/2023/09/24/can-i-get-coverage-for-mold-and-mildew-claims/
200	/2023/09/24/does-insurance-cover-overspray-damage/
200	/2023/09/24/do-i-need-insurance-if-i-subcontract-work/
200	/2023/09/24/do-i-need-special-coverage-for-roofing-projects/
200	/2023/09/24/how-does-insurance-protect-my-clients/
200	/2023/09/24/is-my-equipment-covered/
200	/2023/09/24/is-retrofitting-insurance-available-for-spray-foam-contractors/
200	/2023/09/24/what-are-the-insurance-requirements-for-large-commercial-projects/
200	/2023/09/24/what-factors-affect-insurance-premiums/
200	/2025/07/04/spray-foam-equipment-financing-building-strong-banking-relationships/
200	/about-us/
200	/attic-insulation-certificate/
200	/blog/
200	/contact-us/
200	/inland-marine/
200	/inland-marine/spray_foam_rig_insurance/
200	/privacy-policy/
200	/quote/
200	/safety-and-compliance-support/
200	/services/
200	/services/commercial-auto/
200	/services/environmental-liability/
200	/services/general-liability-insurance/
200	/services/surety-bonds/
200	/services/workers-compensation-insurance-for-spray-foam-contractors/
200	/sign-in/
200	/spf-resources/
200	/spf-resources/work-record-form/
200	/terms/
