200	/
301	/2023/09/24/can-i-get-coverage-for-mold-and-mildew-claims
301	/2023/09/24/does-insurance-cover-overspray-damage
301	/2023/09/24/do-i-need-insurance-if-i-subcontract-work
301	/2023/09/24/do-i-need-special-coverage-for-roofing-projects
301	/2023/09/24/how-does-insurance-protect-my-clients
301	/2023/09/24/is-my-equipment-covered
301	/2023/09/24/is-retrofitting-insurance-available-for-spray-foam-contractors
301	/2023/09/24/what-are-the-insurance-requirements-for-large-commercial-projects
301	/2023/09/24/what-factors-affect-insurance-premiums
301	/2025/07/04/spray-foam-equipment-financing-building-strong-banking-relationships
301	/about-us
301	/attic-insulation-certificate
301	/blog
301	/contact-us
301	/inland-marine
301	/inland-marine/spray_foam_rig_insurance
301	/privacy-policy
301	/quote
301	/safety-and-compliance-support
301	/services
301	/services/commercial-auto
301	/services/environmental-liability
301	/services/general-liability-insurance
301	/services/surety-bonds
301	/services/workers-compensation-insurance-for-spray-foam-contractors
301	/sign-in
301	/spf-resources
301	/spf-resources/work-record-form
301	/terms
