app/2023/09/24/can-i-get-coverage-for-mold-and-mildew-claims/page.tsx	Can I Get Coverage for Mold & Mildew Claims?	Learn about insurance coverage for mold and mildew claims as a spray foam insulation contractor. Builder\'s risk, inland marine, pollution liability options explained.
app/2023/09/24/does-insurance-cover-overspray-damage/page.tsx	Does Insurance Cover Overspray Damage?	How general liability and specialized spray foam insurance covers overspray damage to neighboring properties, vehicles, and surfaces.
app/2023/09/24/do-i-need-insurance-if-i-subcontract-work/page.tsx	Do I Need Insurance If I Subcontract Work?	Understanding insurance responsibilities when subcontracting spray foam work. Coverage requirements for GCs and subcontractors explained.
app/2023/09/24/do-i-need-special-coverage-for-roofing-projects/page.tsx	Do I Need Special Coverage for Roofing Projects?	Insurance considerations for spray foam contractors working alongside roofing companies. Special coverage for combined operations and elevated risks.
app/2023/09/24/how-does-insurance-protect-my-clients/page.tsx	How Does Insurance Protect My Clients?	How spray foam contractor insurance protects construction clients through financial safeguards, liability protection, and quality assurance.
app/2023/09/24/is-my-equipment-covered/page.tsx	Is My Spray Foam Equipment Covered?	Understanding insurance coverage for spray foam equipment including general liability, inland marine, and commercial property policies.
app/2023/09/24/is-retrofitting-insurance-available-for-spray-foam-contractors/page.tsx	Is Retrofitting Insurance Available for Spray Foam Contractors?	Retrofitting insurance options for spray foam contractors upgrading existing buildings. Enhanced coverage for retrofit-specific risks.
app/2023/09/24/what-are-the-insurance-requirements-for-large-commercial-projects/page.tsx	Insurance Requirements for Large Commercial Projects	Essential insurance requirements for spray foam contractors working on large commercial projects. GL, workers comp, professional liability and more.
app/2023/09/24/what-factors-affect-insurance-premiums/page.tsx	What Factors Affect My Insurance Premiums?	Key factors that determine spray foam contractor insurance premiums: coverage type, claims history, revenue, employee count, and more.
app/2025/07/04/spray-foam-equipment-financing-building-strong-banking-relationships/page.tsx	Spray Foam Equipment Financing: Building Strong Banking Relationships	Guide to financing spray foam equipment through strong banking relationships. Equipment costs $40K-$150K+, loan types, and strategies for SPF contractors.
app/about-us/page.tsx	About Us | Spray Foam Insurance Call 844-967-5247	Spray Foam Insurance — SPF contractor coverage specialists. Serving contractors in all 50 states with tailored GL, workers comp, and specialty programs.
app/attic-insulation-certificate/page.tsx	Attic Insulation Certificate for Spray Foam Contractors	Request or download an attic insulation certificate documenting R-value, coverage area, and material specs. Required for energy rebates and home sales.
app/blog/page.tsx	Spray Foam Insurance Blog | Spray Foam Insurance Call 844-967-5247	  description:
app/category/insurance-insights/page.tsx	Insurance Insights | Spray Foam Insurance Blog	  description:
app/contact-us/page.tsx	Contact Us | Spray Foam Insurance Call 844-967-5247	Contact our spray foam insurance specialists. Call 844-967-5247 or send us a message. GL, workers comp, and equipment coverage quotes available.
app/inland-marine/page.tsx	Inland Marine Insurance for Spray Foam Contractors	  description:
app/inland-marine/spray_foam_rig_insurance/page.tsx	Spray Foam Rig & Equipment Insurance | Inland Marine	  description:
app/page.tsx	  title: { absolute: 'Spray Foam Insurance for Contractors | Get a Fast Quote' },	Specialized insurance for spray foam contractors. General liability, workers comp, commercial auto, environmental & surety bonds. Free quotes available.
app/privacy-policy/page.tsx	Privacy Policy | Spray Foam Insurance	Spray Foam Insurance privacy policy. Learn how we collect, use, and protect your personal information when you request an insurance quote.
app/quote/page.tsx	Get a Spray Foam Insurance Quote | Fast, Free, Specialized	  description:
app/safety-and-compliance-support/page.tsx	Safety & Compliance Support for Spray Foam Contractors	OSHA requirements, PPE standards, chemical handling guidelines, and compliance checklists for spray foam insulation contractors. Stay safe and legal.
app/services/commercial-auto/page.tsx	Commercial Auto Insurance for Spray Foam Contractors	Commercial auto insurance for spray foam rigs, vans, and trucks. Covers hired/non-owned auto, trailer coverage, and cargo liability. Free quotes available.
app/services/environmental-liability/page.tsx	Environmental Liability Insurance for Spray Foam Contractors	Environmental liability insurance for SPF contractors. Covers pollution cleanup, off-gassing claims, overspray contamination, and third-party bodily injury.
app/services/general-liability-insurance/page.tsx	General Liability Insurance for Spray Foam Contractors	Specialized GL insurance for spray foam contractors. Covers overspray, property damage, bodily injury, and completed operations. Get a free quote.
app/services/page.tsx	Spray Foam Services | Spray Foam Insurance Call 844-967-5247	Explore all insurance coverage options for spray foam contractors — GL, workers comp, commercial auto, environmental, surety bonds, and rig insurance.
app/services/surety-bonds/page.tsx	Surety Bonds for Spray Foam Contractors	Performance bonds, payment bonds, and license bonds for spray foam contractors. Meet contract requirements and state licensing. Fast quotes available.
app/services/workers-compensation-insurance-for-spray-foam-contractors/page.tsx	Workers' Compensation Insurance for Spray Foam Contractors	  description:
app/sign-in/page.tsx	Client Login | Spray Foam Insurance	Log in to your Spray Foam Insurance client portal to manage policies, request certificates, and view your coverage documents.
app/sign-up/page.tsx	Create Account | Spray Foam Insurance	Create your Spray Foam Insurance client account to manage coverage, request certificates, and access policy documents online.
app/spf-resources/page.tsx	Spray Foam Contractor Resources | Forms, Guides & Tools	  description:
app/spf-resources/work-record-form/page.tsx		
app/terms/page.tsx	Terms of Service | Spray Foam Insurance	Terms of service for Spray Foam Insurance. Information about using our website, quote requests, and the limitations of the content provided.
app/vegas/page.tsx	Spray Foam Insurance Las Vegas & Nevada | 844-967-5247	  description:
